-- phpMyAdmin SQL Dump
-- version 5.2.1
-- https://www.phpmyadmin.net/
--
-- Host: 127.0.0.1
-- Waktu pembuatan: 29 Jun 2025 pada 11.11
-- Versi server: 10.4.32-MariaDB
-- Versi PHP: 8.0.30

SET SQL_MODE = "NO_AUTO_VALUE_ON_ZERO";
START TRANSACTION;
SET time_zone = "+00:00";


/*!40101 SET @OLD_CHARACTER_SET_CLIENT=@@CHARACTER_SET_CLIENT */;
/*!40101 SET @OLD_CHARACTER_SET_RESULTS=@@CHARACTER_SET_RESULTS */;
/*!40101 SET @OLD_COLLATION_CONNECTION=@@COLLATION_CONNECTION */;
/*!40101 SET NAMES utf8mb4 */;

--
-- Database: `evaluasi`
--

-- --------------------------------------------------------

--
-- Struktur dari tabel `akun`
--

CREATE TABLE `akun` (
  `id_akun` int(1) NOT NULL,
  `nama` varchar(30) NOT NULL,
  `username` varchar(20) NOT NULL,
  `password` varchar(20) NOT NULL
) ENGINE=InnoDB DEFAULT CHARSET=utf8mb4 COLLATE=utf8mb4_general_ci;

--
-- Dumping data untuk tabel `akun`
--

INSERT INTO `akun` (`id_akun`, `nama`, `username`, `password`) VALUES
(1, 'administrator', 'admin', '12345');

-- --------------------------------------------------------

--
-- Struktur dari tabel `alternatif`
--

CREATE TABLE `alternatif` (
  `id_alternatif` int(1) NOT NULL,
  `nama_alternatif` varchar(30) NOT NULL
) ENGINE=InnoDB DEFAULT CHARSET=utf8mb4 COLLATE=utf8mb4_general_ci;

--
-- Dumping data untuk tabel `alternatif`
--

INSERT INTO `alternatif` (`id_alternatif`, `nama_alternatif`) VALUES
(1, 'Open Data'),
(2, 'SiKoJOn'),
(3, 'PPID Solok Selatan'),
(4, 'SIMPEG'),
(5, 'SIMANJA'),
(6, 'DUKCAPILSIGAP Solok Selatan');

-- --------------------------------------------------------

--
-- Struktur dari tabel `kriteria`
--

CREATE TABLE `kriteria` (
  `id_kriteria` int(1) NOT NULL,
  `nama_kriteria` varchar(30) NOT NULL,
  `bobot_kriteria` double NOT NULL,
  `jenis_kriteria` varchar(10) NOT NULL,
  `akar_kriteria` double NOT NULL,
  `solusi_ideal_positif` double NOT NULL,
  `solusi_ideal_negatif` double NOT NULL
) ENGINE=InnoDB DEFAULT CHARSET=utf8mb4 COLLATE=utf8mb4_general_ci;

--
-- Dumping data untuk tabel `kriteria`
--

INSERT INTO `kriteria` (`id_kriteria`, `nama_kriteria`, `bobot_kriteria`, `jenis_kriteria`, `akar_kriteria`, `solusi_ideal_positif`, `solusi_ideal_negatif`) VALUES
(1, 'Kepuasan Pengguna', 0.25, 'Benefit', 25.729360660537, 0.04858262964603, 0.019433051858412),
(2, 'Kemudahan Penggunaan', 0.2, 'Benefit', 29.98332870113, 0.033351867298253, 0.020011120378952),
(3, 'Kelengkapan Informasi', 0.1, 'Benefit', 25.139610179953, 0.019888932104393, 0.0079555728417573),
(4, 'Downtime', 0.2, 'Cost', 30.099833886585, 0.0066445549418509, 0.033222774709255),
(5, 'Kecepatan Akses', 0.15, 'Benefit', 28.30194339617, 0.026499947000159, 0.015899968200095),
(6, 'Kompatibilitas Perangkat', 0.1, 'Benefit', 28.653097563789, 0.017450120318994, 0.0069800481275977);

-- --------------------------------------------------------

--
-- Struktur dari tabel `nilai`
--

CREATE TABLE `nilai` (
  `id_nilai` int(1) NOT NULL,
  `id_program` int(1) NOT NULL,
  `id_kriteria` int(1) NOT NULL,
  `id_subkriteria` int(1) NOT NULL,
  `nm_bobot` double NOT NULL
) ENGINE=InnoDB DEFAULT CHARSET=utf8mb4 COLLATE=utf8mb4_general_ci;

--
-- Dumping data untuk tabel `nilai`
--

INSERT INTO `nilai` (`id_nilai`, `id_program`, `id_kriteria`, `id_subkriteria`, `nm_bobot`) VALUES
(1, 1, 1, 2, 0.038866103716824),
(2, 1, 2, 6, 0.033351867298253),
(3, 1, 3, 13, 0.011933359262636),
(4, 1, 4, 17, 0.026578219767404),
(5, 1, 5, 23, 0.015899968200095),
(6, 1, 6, 29, 0.0069800481275977),
(7, 2, 1, 2, 0.038866103716824),
(8, 2, 2, 7, 0.026681493838603),
(9, 2, 3, 12, 0.015911145683515),
(10, 2, 4, 16, 0.033222774709255),
(11, 2, 5, 22, 0.021199957600127),
(12, 2, 6, 27, 0.013960096255195),
(13, 3, 1, 2, 0.038866103716824),
(14, 3, 2, 6, 0.033351867298253),
(15, 3, 3, 12, 0.015911145683515),
(16, 3, 4, 17, 0.026578219767404),
(17, 3, 5, 22, 0.021199957600127),
(18, 3, 6, 26, 0.017450120318994),
(19, 4, 1, 4, 0.019433051858412),
(20, 4, 2, 7, 0.026681493838603),
(21, 4, 3, 12, 0.015911145683515),
(22, 4, 4, 16, 0.033222774709255),
(23, 4, 5, 22, 0.021199957600127),
(24, 4, 6, 27, 0.013960096255195),
(31, 5, 1, 3, 0.029149577787618),
(32, 5, 2, 7, 0.026681493838603),
(33, 5, 3, 13, 0.011933359262636),
(34, 5, 4, 19, 0.013289109883702),
(35, 5, 5, 22, 0.021199957600127),
(36, 5, 6, 28, 0.010470072191397),
(37, 6, 1, 3, 0.029149577787618),
(38, 7, 1, 3, 0.029149577787618),
(39, 8, 1, 3, 0.029149577787618),
(40, 9, 1, 1, 0.04858262964603),
(41, 10, 1, 2, 0.038866103716824),
(42, 11, 1, 2, 0.038866103716824),
(43, 12, 1, 2, 0.038866103716824),
(44, 13, 1, 2, 0.038866103716824),
(45, 14, 1, 2, 0.038866103716824),
(46, 15, 1, 3, 0.029149577787618),
(47, 16, 1, 2, 0.038866103716824),
(48, 17, 1, 2, 0.038866103716824),
(49, 18, 1, 2, 0.038866103716824),
(50, 19, 1, 2, 0.038866103716824),
(51, 20, 1, 3, 0.029149577787618),
(52, 21, 1, 1, 0.04858262964603),
(53, 22, 1, 2, 0.038866103716824),
(54, 23, 1, 2, 0.038866103716824),
(55, 24, 1, 2, 0.038866103716824),
(56, 25, 1, 2, 0.038866103716824),
(57, 26, 1, 3, 0.029149577787618),
(58, 27, 1, 1, 0.04858262964603),
(59, 28, 1, 2, 0.038866103716824),
(60, 29, 1, 2, 0.038866103716824),
(61, 30, 1, 3, 0.029149577787618),
(62, 31, 1, 3, 0.029149577787618),
(63, 32, 1, 3, 0.029149577787618),
(64, 33, 1, 3, 0.029149577787618),
(65, 34, 1, 3, 0.029149577787618),
(66, 35, 1, 3, 0.029149577787618),
(67, 36, 1, 3, 0.029149577787618),
(68, 37, 1, 3, 0.029149577787618),
(69, 38, 1, 3, 0.029149577787618),
(70, 39, 1, 1, 0.04858262964603),
(71, 40, 1, 3, 0.029149577787618),
(72, 41, 1, 3, 0.029149577787618),
(73, 42, 1, 3, 0.029149577787618),
(74, 43, 1, 3, 0.029149577787618),
(75, 44, 1, 3, 0.029149577787618),
(76, 45, 1, 3, 0.029149577787618),
(77, 46, 1, 3, 0.029149577787618),
(78, 47, 1, 3, 0.029149577787618),
(79, 48, 1, 3, 0.029149577787618),
(80, 49, 1, 3, 0.029149577787618),
(81, 50, 1, 3, 0.029149577787618),
(82, 51, 1, 3, 0.029149577787618),
(83, 52, 1, 3, 0.029149577787618),
(84, 53, 1, 3, 0.029149577787618),
(133, 6, 2, 7, 0.026681493838603),
(134, 7, 2, 7, 0.026681493838603),
(135, 8, 2, 6, 0.033351867298253),
(136, 9, 2, 7, 0.026681493838603),
(137, 10, 2, 7, 0.026681493838603),
(138, 11, 2, 7, 0.026681493838603),
(139, 12, 2, 7, 0.026681493838603),
(140, 13, 2, 7, 0.026681493838603),
(141, 14, 2, 6, 0.033351867298253),
(142, 15, 2, 6, 0.033351867298253),
(143, 16, 2, 7, 0.026681493838603),
(144, 17, 2, 7, 0.026681493838603),
(145, 18, 2, 7, 0.026681493838603),
(146, 19, 2, 7, 0.026681493838603),
(147, 20, 2, 8, 0.020011120378952),
(148, 21, 2, 6, 0.033351867298253),
(149, 22, 2, 7, 0.026681493838603),
(150, 23, 2, 8, 0.020011120378952),
(151, 24, 2, 7, 0.026681493838603),
(152, 25, 2, 7, 0.026681493838603),
(153, 26, 2, 8, 0.020011120378952),
(154, 27, 2, 6, 0.033351867298253),
(155, 28, 2, 6, 0.033351867298253),
(156, 29, 2, 7, 0.026681493838603),
(157, 30, 2, 7, 0.026681493838603),
(158, 31, 2, 7, 0.026681493838603),
(159, 32, 2, 7, 0.026681493838603),
(160, 33, 2, 7, 0.026681493838603),
(161, 34, 2, 7, 0.026681493838603),
(162, 35, 2, 7, 0.026681493838603),
(163, 36, 2, 7, 0.026681493838603),
(164, 37, 2, 7, 0.026681493838603),
(165, 38, 2, 7, 0.026681493838603),
(166, 39, 2, 7, 0.026681493838603),
(167, 40, 2, 7, 0.026681493838603),
(168, 41, 2, 7, 0.026681493838603),
(169, 42, 2, 7, 0.026681493838603),
(170, 43, 2, 7, 0.026681493838603),
(171, 44, 2, 7, 0.026681493838603),
(172, 45, 2, 7, 0.026681493838603),
(173, 46, 2, 7, 0.026681493838603),
(174, 47, 2, 7, 0.026681493838603),
(175, 48, 2, 7, 0.026681493838603),
(176, 49, 2, 7, 0.026681493838603),
(177, 50, 2, 7, 0.026681493838603),
(178, 51, 2, 7, 0.026681493838603),
(179, 52, 2, 7, 0.026681493838603),
(180, 53, 2, 7, 0.026681493838603),
(181, 6, 3, 14, 0.0079555728417573),
(182, 7, 3, 13, 0.011933359262636),
(183, 8, 3, 12, 0.015911145683515),
(184, 9, 3, 12, 0.015911145683515),
(185, 10, 3, 12, 0.015911145683515),
(186, 11, 3, 12, 0.015911145683515),
(187, 12, 3, 12, 0.015911145683515),
(188, 13, 3, 13, 0.011933359262636),
(189, 14, 3, 12, 0.015911145683515),
(190, 15, 3, 11, 0.019888932104393),
(191, 16, 3, 12, 0.015911145683515),
(192, 17, 3, 12, 0.015911145683515),
(193, 18, 3, 13, 0.011933359262636),
(194, 19, 3, 12, 0.015911145683515),
(195, 20, 3, 13, 0.011933359262636),
(196, 21, 3, 11, 0.019888932104393),
(197, 22, 3, 11, 0.019888932104393),
(198, 23, 3, 13, 0.011933359262636),
(199, 24, 3, 12, 0.015911145683515),
(200, 25, 3, 12, 0.015911145683515),
(201, 26, 3, 13, 0.011933359262636),
(202, 27, 3, 12, 0.015911145683515),
(203, 28, 3, 12, 0.015911145683515),
(204, 29, 3, 13, 0.011933359262636),
(205, 30, 3, 13, 0.011933359262636),
(206, 31, 3, 13, 0.011933359262636),
(207, 32, 3, 13, 0.011933359262636),
(208, 33, 3, 13, 0.011933359262636),
(209, 34, 3, 13, 0.011933359262636),
(210, 35, 3, 13, 0.011933359262636),
(211, 36, 3, 13, 0.011933359262636),
(212, 37, 3, 13, 0.011933359262636),
(213, 38, 3, 13, 0.011933359262636),
(214, 39, 3, 13, 0.011933359262636),
(215, 40, 3, 13, 0.011933359262636),
(216, 41, 3, 13, 0.011933359262636),
(217, 42, 3, 13, 0.011933359262636),
(218, 43, 3, 13, 0.011933359262636),
(219, 44, 3, 13, 0.011933359262636),
(220, 45, 3, 13, 0.011933359262636),
(221, 46, 3, 13, 0.011933359262636),
(222, 47, 3, 13, 0.011933359262636),
(223, 48, 3, 13, 0.011933359262636),
(224, 49, 3, 13, 0.011933359262636),
(225, 50, 3, 13, 0.011933359262636),
(226, 51, 3, 13, 0.011933359262636),
(227, 52, 3, 13, 0.011933359262636),
(228, 53, 3, 13, 0.011933359262636),
(229, 6, 4, 18, 0.019933664825553),
(230, 7, 4, 16, 0.033222774709255),
(231, 8, 4, 18, 0.019933664825553),
(232, 9, 4, 19, 0.013289109883702),
(233, 10, 4, 18, 0.019933664825553),
(234, 11, 4, 18, 0.019933664825553),
(235, 12, 4, 18, 0.019933664825553),
(236, 13, 4, 19, 0.013289109883702),
(237, 14, 4, 18, 0.019933664825553),
(238, 15, 4, 18, 0.019933664825553),
(239, 16, 4, 18, 0.019933664825553),
(240, 17, 4, 19, 0.013289109883702),
(241, 18, 4, 18, 0.019933664825553),
(242, 19, 4, 19, 0.013289109883702),
(243, 20, 4, 18, 0.019933664825553),
(244, 21, 4, 19, 0.013289109883702),
(245, 22, 4, 18, 0.019933664825553),
(246, 23, 4, 18, 0.019933664825553),
(247, 24, 4, 17, 0.026578219767404),
(248, 25, 4, 17, 0.026578219767404),
(249, 26, 4, 18, 0.019933664825553),
(250, 27, 4, 18, 0.019933664825553),
(251, 28, 4, 17, 0.026578219767404),
(252, 29, 4, 20, 0.0066445549418509),
(253, 30, 4, 16, 0.033222774709255),
(254, 31, 4, 16, 0.033222774709255),
(255, 32, 4, 16, 0.033222774709255),
(256, 33, 4, 16, 0.033222774709255),
(257, 34, 4, 16, 0.033222774709255),
(258, 35, 4, 16, 0.033222774709255),
(259, 36, 4, 16, 0.033222774709255),
(260, 37, 4, 16, 0.033222774709255),
(261, 38, 4, 16, 0.033222774709255),
(262, 39, 4, 16, 0.033222774709255),
(263, 40, 4, 16, 0.033222774709255),
(264, 41, 4, 16, 0.033222774709255),
(265, 42, 4, 16, 0.033222774709255),
(266, 43, 4, 16, 0.033222774709255),
(267, 44, 4, 16, 0.033222774709255),
(268, 45, 4, 16, 0.033222774709255),
(269, 46, 4, 16, 0.033222774709255),
(270, 47, 4, 16, 0.033222774709255),
(271, 48, 4, 16, 0.033222774709255),
(272, 49, 4, 16, 0.033222774709255),
(273, 50, 4, 16, 0.033222774709255),
(274, 51, 4, 16, 0.033222774709255),
(275, 52, 4, 16, 0.033222774709255),
(276, 53, 4, 16, 0.033222774709255),
(277, 6, 5, 22, 0.021199957600127),
(278, 7, 5, 22, 0.021199957600127),
(279, 8, 5, 23, 0.015899968200095),
(280, 9, 5, 22, 0.021199957600127),
(281, 10, 5, 22, 0.021199957600127),
(282, 11, 5, 22, 0.021199957600127),
(283, 12, 5, 23, 0.015899968200095),
(284, 13, 5, 23, 0.015899968200095),
(285, 14, 5, 22, 0.021199957600127),
(286, 15, 5, 22, 0.021199957600127),
(287, 16, 5, 22, 0.021199957600127),
(288, 17, 5, 22, 0.021199957600127),
(289, 18, 5, 22, 0.021199957600127),
(290, 19, 5, 22, 0.021199957600127),
(291, 20, 5, 23, 0.015899968200095),
(292, 21, 5, 21, 0.026499947000159),
(293, 22, 5, 23, 0.015899968200095),
(294, 23, 5, 23, 0.015899968200095),
(295, 24, 5, 22, 0.021199957600127),
(296, 25, 5, 22, 0.021199957600127),
(297, 26, 5, 23, 0.015899968200095),
(298, 27, 5, 22, 0.021199957600127),
(299, 28, 5, 22, 0.021199957600127),
(300, 29, 5, 22, 0.021199957600127),
(301, 30, 5, 22, 0.021199957600127),
(302, 31, 5, 22, 0.021199957600127),
(303, 32, 5, 22, 0.021199957600127),
(304, 33, 5, 22, 0.021199957600127),
(305, 34, 5, 22, 0.021199957600127),
(306, 35, 5, 22, 0.021199957600127),
(307, 36, 5, 22, 0.021199957600127),
(308, 37, 5, 22, 0.021199957600127),
(309, 38, 5, 22, 0.021199957600127),
(310, 39, 5, 22, 0.021199957600127),
(311, 40, 5, 22, 0.021199957600127),
(312, 41, 5, 22, 0.021199957600127),
(313, 42, 5, 22, 0.021199957600127),
(314, 43, 5, 22, 0.021199957600127),
(315, 44, 5, 22, 0.021199957600127),
(316, 45, 5, 22, 0.021199957600127),
(317, 46, 5, 22, 0.021199957600127),
(318, 47, 5, 22, 0.021199957600127),
(319, 48, 5, 22, 0.021199957600127),
(320, 49, 5, 22, 0.021199957600127),
(321, 50, 5, 22, 0.021199957600127),
(322, 51, 5, 22, 0.021199957600127),
(323, 52, 5, 22, 0.021199957600127),
(324, 53, 5, 22, 0.021199957600127),
(325, 6, 6, 27, 0.013960096255195),
(326, 7, 6, 27, 0.013960096255195),
(327, 8, 6, 27, 0.013960096255195),
(328, 9, 6, 27, 0.013960096255195),
(329, 10, 6, 28, 0.010470072191397),
(330, 11, 6, 27, 0.013960096255195),
(331, 12, 6, 27, 0.013960096255195),
(332, 13, 6, 27, 0.013960096255195),
(333, 14, 6, 27, 0.013960096255195),
(334, 15, 6, 26, 0.017450120318994),
(335, 16, 6, 28, 0.010470072191397),
(336, 17, 6, 27, 0.013960096255195),
(337, 18, 6, 28, 0.010470072191397),
(338, 19, 6, 27, 0.013960096255195),
(339, 20, 6, 27, 0.013960096255195),
(340, 21, 6, 26, 0.017450120318994),
(341, 22, 6, 28, 0.010470072191397),
(342, 23, 6, 27, 0.013960096255195),
(343, 24, 6, 27, 0.013960096255195),
(344, 25, 6, 27, 0.013960096255195),
(345, 26, 6, 28, 0.010470072191397),
(346, 27, 6, 27, 0.013960096255195),
(347, 28, 6, 27, 0.013960096255195),
(348, 29, 6, 27, 0.013960096255195),
(349, 30, 6, 27, 0.013960096255195),
(350, 31, 6, 27, 0.013960096255195),
(351, 32, 6, 27, 0.013960096255195),
(352, 33, 6, 27, 0.013960096255195),
(353, 34, 6, 27, 0.013960096255195),
(354, 35, 6, 27, 0.013960096255195),
(355, 36, 6, 27, 0.013960096255195),
(356, 37, 6, 27, 0.013960096255195),
(357, 38, 6, 27, 0.013960096255195),
(358, 39, 6, 27, 0.013960096255195),
(359, 40, 6, 27, 0.013960096255195),
(360, 41, 6, 27, 0.013960096255195),
(361, 42, 6, 27, 0.013960096255195),
(362, 43, 6, 27, 0.013960096255195),
(363, 44, 6, 27, 0.013960096255195),
(364, 45, 6, 27, 0.013960096255195),
(365, 46, 6, 27, 0.013960096255195),
(366, 47, 6, 27, 0.013960096255195),
(367, 48, 6, 27, 0.013960096255195),
(368, 49, 6, 27, 0.013960096255195),
(369, 50, 6, 27, 0.013960096255195),
(370, 51, 6, 27, 0.013960096255195),
(371, 52, 6, 27, 0.013960096255195),
(372, 53, 6, 27, 0.013960096255195);

-- --------------------------------------------------------

--
-- Struktur dari tabel `program`
--

CREATE TABLE `program` (
  `id_program` int(1) NOT NULL,
  `nama_program` varchar(30) NOT NULL,
  `d_max` double NOT NULL,
  `d_min` double NOT NULL,
  `nilai_v` double NOT NULL,
  `rank` int(5) NOT NULL
) ENGINE=InnoDB DEFAULT CHARSET=utf8mb4 COLLATE=utf8mb4_general_ci;

--
-- Dumping data untuk tabel `program`
--

INSERT INTO `program` (`id_program`, `nama_program`, `d_max`, `d_min`, `nilai_v`, `rank`) VALUES
(1, 'Nafisah ramadhani', 0.027875347011397, 0.024811125086984, 0.47092022105132, 24),
(2, 'Muhammad arif', 0.030023315350658, 0.023711589684529, 0.44126977928038, 25),
(3, 'Salsabilla putri ramanda', 0.023144643915191, 0.028297925398267, 0.55008771482306, 14),
(4, 'Nabil putra akbar', 0.040702413610356, 0.013586610351215, 0.25026440631595, 53),
(5, 'Windy Aulia Sari', 0.024624979101366, 0.024338214643193, 0.4970716324218, 21),
(6, 'Kevin Satria', 0.027953766240375, 0.019806972490244, 0.4147124398967, 26),
(7, 'Syahrul', 0.035101288401912, 0.015216389274013, 0.30240643004265, 47),
(8, 'Augusti Leonardi Putra', 0.026355389379986, 0.023685418660074, 0.47332206628464, 23),
(9, 'Fitri yanti ', 0.012030666352408, 0.03783708312502, 0.7587485603726, 2),
(10, 'Rosy', 0.020202448961435, 0.0265009268323, 0.56743064889658, 10),
(11, 'Nurhamida', 0.019276880975451, 0.027181610086023, 0.58507302895516, 9),
(12, 'Rio', 0.021351060935304, 0.026659895709251, 0.55528774205907, 13),
(13, 'Rosneli', 0.019258396256377, 0.029732679608036, 0.60689991153335, 8),
(14, 'Arion Tomi', 0.018086023831968, 0.02953509053892, 0.62020998309472, 7),
(15, 'Devi Miskiyati, SE ', 0.024131594097226, 0.027001929720365, 0.52806706255351, 17),
(16, 'Sarli Panama', 0.020202448961435, 0.0265009268323, 0.56743064889658, 11),
(17, 'Dira Wilva Sangir', 0.015464404580063, 0.030977257443889, 0.66701440245426, 5),
(18, 'REFNITA SIREGAR', 0.021344959556527, 0.025589661360411, 0.5452193042253, 15),
(19, 'SUPRIANI', 0.015464404580063, 0.030977257443889, 0.66701440245426, 6),
(20, 'Winda Gusti', 0.030332333114449, 0.018318165145771, 0.37652574589866, 27),
(21, 'Reginaldi', 0.0066445549418511, 0.042301435347807, 0.86424720589921, 1),
(22, 'Hidayatul  husni', 0.021830845658165, 0.027446733127662, 0.55698217737021, 12),
(23, 'Riri', 0.025235249231325, 0.024875445779052, 0.49640991357036, 22),
(24, 'Hendri', 0.024338214643192, 0.024624979101367, 0.50292836757822, 20),
(25, 'Rita Anggreini', 0.024338214643192, 0.024624979101367, 0.50292836757822, 19),
(26, 'emi suarmi', 0.030928809160127, 0.017292031991934, 0.35860079539892, 28),
(27, 'Yulda Rosanti, S. Sos', 0.015254290606829, 0.036665732691532, 0.7061963836347, 3),
(28, 'Yulia fitri', 0.023406298509737, 0.027200574295709, 0.53748775191621, 16),
(29, 'mefri susanti', 0.015571321494047, 0.034945284330529, 0.69175835866487, 4),
(30, 'Ibrahim Satya Wasena Gautama', 0.035101288401912, 0.015216389274013, 0.30240643004265, 51),
(31, 'Julio Akbar', 0.035101288401912, 0.015216389274013, 0.30240643004265, 40),
(32, 'Dina Okta Riza, S.Pd', 0.035101288401912, 0.015216389274013, 0.30240643004265, 29),
(33, 'Fatmawati', 0.035101288401912, 0.015216389274013, 0.30240643004265, 42),
(34, 'Bella Anggelia', 0.035101288401912, 0.015216389274013, 0.30240643004265, 31),
(35, 'Fakhrozi Tamri', 0.035101288401912, 0.015216389274013, 0.30240643004265, 44),
(36, 'Alberi Susilo', 0.035101288401912, 0.015216389274013, 0.30240643004265, 33),
(37, 'Heni Yulia', 0.035101288401912, 0.015216389274013, 0.30240643004265, 46),
(38, 'Wirdatul Aini', 0.035101288401912, 0.015216389274013, 0.30240643004265, 35),
(39, 'Yoga Berma', 0.029231095479685, 0.03141377900861, 0.5179956141994, 18),
(40, 'Rosa Amelia', 0.035101288401912, 0.015216389274013, 0.30240643004265, 36),
(41, 'Desri Wahyuni', 0.035101288401912, 0.015216389274013, 0.30240643004265, 48),
(42, 'Nofriandi', 0.035101288401912, 0.015216389274013, 0.30240643004265, 37),
(43, 'Andre Prayoga', 0.035101288401912, 0.015216389274013, 0.30240643004265, 49),
(44, 'Murniati', 0.035101288401912, 0.015216389274013, 0.30240643004265, 38),
(45, 'Nita', 0.035101288401912, 0.015216389274013, 0.30240643004265, 50),
(46, 'Afrizon Candra', 0.035101288401912, 0.015216389274013, 0.30240643004265, 39),
(47, 'Mega Susanti', 0.035101288401912, 0.015216389274013, 0.30240643004265, 52),
(48, 'Shofi', 0.035101288401912, 0.015216389274013, 0.30240643004265, 41),
(49, 'Bayu Setiawan', 0.035101288401912, 0.015216389274013, 0.30240643004265, 30),
(50, 'Ikwal Fajri', 0.035101288401912, 0.015216389274013, 0.30240643004265, 43),
(51, 'Uzza Tunnafsi', 0.035101288401912, 0.015216389274013, 0.30240643004265, 32),
(52, 'Haryanto', 0.035101288401912, 0.015216389274013, 0.30240643004265, 45),
(53, 'Andrian Budianto', 0.035101288401912, 0.015216389274013, 0.30240643004265, 34);

-- --------------------------------------------------------

--
-- Struktur dari tabel `subkriteria`
--

CREATE TABLE `subkriteria` (
  `id_subkriteria` int(1) NOT NULL,
  `id_kriteria` int(1) NOT NULL,
  `nama_subkriteria` varchar(30) NOT NULL,
  `nilai_subkriteria` int(11) NOT NULL
) ENGINE=InnoDB DEFAULT CHARSET=utf8mb4 COLLATE=utf8mb4_general_ci;

--
-- Dumping data untuk tabel `subkriteria`
--

INSERT INTO `subkriteria` (`id_subkriteria`, `id_kriteria`, `nama_subkriteria`, `nilai_subkriteria`) VALUES
(1, 1, 'Sangat Puas', 5),
(2, 1, 'Puas', 4),
(3, 1, 'Cukup Puas', 3),
(4, 1, 'Tidak Puas', 2),
(5, 1, 'Sangat Tidak Puas', 1),
(6, 2, 'Sangat Mudah', 5),
(7, 2, 'Mudah', 4),
(8, 2, 'Cukup Mudah', 3),
(9, 2, 'Sulit', 2),
(10, 2, 'Sangat Sulit', 1),
(11, 3, 'Sangat Lengkap', 5),
(12, 3, 'Lengkap', 4),
(13, 3, 'Cukup Lengkap', 3),
(14, 3, 'Tidak Lengkap', 2),
(15, 3, 'Sangat Tidak Lengkap', 1),
(16, 4, 'Sangat Sering', 5),
(17, 4, 'Sering', 4),
(18, 4, 'Kadang-Kadang', 3),
(19, 4, 'Jarang', 2),
(20, 4, 'Tidak Pernah', 1),
(21, 5, 'Sangat Cepat', 5),
(22, 5, 'Cepat', 4),
(23, 5, 'Cukup Cepat', 3),
(24, 5, 'Lambat', 2),
(25, 5, 'Sangat Lambat', 1),
(26, 6, 'Sangat Kompatibel', 5),
(27, 6, 'Kompatibel', 4),
(28, 6, 'Cukup Kompatibel', 3),
(29, 6, 'Tidak Kompatibel', 2),
(30, 6, 'Sangat Tidak Kompatibel', 1);

--
-- Indexes for dumped tables
--

--
-- Indeks untuk tabel `akun`
--
ALTER TABLE `akun`
  ADD PRIMARY KEY (`id_akun`);

--
-- Indeks untuk tabel `alternatif`
--
ALTER TABLE `alternatif`
  ADD PRIMARY KEY (`id_alternatif`);

--
-- Indeks untuk tabel `kriteria`
--
ALTER TABLE `kriteria`
  ADD PRIMARY KEY (`id_kriteria`);

--
-- Indeks untuk tabel `nilai`
--
ALTER TABLE `nilai`
  ADD PRIMARY KEY (`id_nilai`);

--
-- Indeks untuk tabel `program`
--
ALTER TABLE `program`
  ADD PRIMARY KEY (`id_program`);

--
-- Indeks untuk tabel `subkriteria`
--
ALTER TABLE `subkriteria`
  ADD PRIMARY KEY (`id_subkriteria`);

--
-- AUTO_INCREMENT untuk tabel yang dibuang
--

--
-- AUTO_INCREMENT untuk tabel `akun`
--
ALTER TABLE `akun`
  MODIFY `id_akun` int(1) NOT NULL AUTO_INCREMENT, AUTO_INCREMENT=2;

--
-- AUTO_INCREMENT untuk tabel `alternatif`
--
ALTER TABLE `alternatif`
  MODIFY `id_alternatif` int(1) NOT NULL AUTO_INCREMENT, AUTO_INCREMENT=7;

--
-- AUTO_INCREMENT untuk tabel `kriteria`
--
ALTER TABLE `kriteria`
  MODIFY `id_kriteria` int(1) NOT NULL AUTO_INCREMENT, AUTO_INCREMENT=8;

--
-- AUTO_INCREMENT untuk tabel `nilai`
--
ALTER TABLE `nilai`
  MODIFY `id_nilai` int(1) NOT NULL AUTO_INCREMENT, AUTO_INCREMENT=373;

--
-- AUTO_INCREMENT untuk tabel `program`
--
ALTER TABLE `program`
  MODIFY `id_program` int(1) NOT NULL AUTO_INCREMENT, AUTO_INCREMENT=54;

--
-- AUTO_INCREMENT untuk tabel `subkriteria`
--
ALTER TABLE `subkriteria`
  MODIFY `id_subkriteria` int(1) NOT NULL AUTO_INCREMENT, AUTO_INCREMENT=31;
COMMIT;

/*!40101 SET CHARACTER_SET_CLIENT=@OLD_CHARACTER_SET_CLIENT */;
/*!40101 SET CHARACTER_SET_RESULTS=@OLD_CHARACTER_SET_RESULTS */;
/*!40101 SET COLLATION_CONNECTION=@OLD_COLLATION_CONNECTION */;
